instant,dteday,season,yr,mnth,holiday,weekday,workingday,weathersit,temp,atemp,hum,windspeed,cnt
1,2011-01-01,1,0,1,0,Sunday,0,Few clouds,8.520016,0.363625,4216.77271967688,0.160446,985
2,2011-01-02,1,0,1,0,Monday,0,Few clouds,9.446944,0.353739,2347.7621248763,0.248539,801
3,2011-01-03,1,0,1,0,Tuesday,1,Clear,1.425472,0.189405,365.603755636187,0.248309,1349
4,2011-01-04,1,0,1,0,Wednesday,1,Clear,1.6,0.212122,1215.31364869629,0.160296,1562
5,2011-01-05,1,0,1,0,Thursday,1,Clear,2.893936,0.22927,364.548070855551,0.1869,1600
6,2011-01-06,1,0,1,0,Friday,1,,1.808704,0.233209,721.429861564471,0.0895652,1606
7,2011-01-07,1,0,1,0,Saturday,1,Few clouds,1.433056,0.208839,618.505461922065,0.168726,1510
8,2011-01-08,1,0,1,0,Sunday,0,Few clouds,-0.0800000000000001,0.162254,824.361739221961,0.266804,959
9,2011-01-09,1,0,1,0,Monday,0,Clear,-1.360016,0.116175,355.326209271211,0.36195,822
10,2011-01-10,1,0,1,0,Tuesday,1,Clear,-0.760016,0.150888,543.863578717789,0.223267,1321
11,2011-01-11,1,0,1,0,Wednesday,1,Few clouds,0.116368,0.191464,2219.31008275218,0.122132,1263
12,2011-01-12,1,0,1,0,Thursday,1,Clear,0.290896,0.160473,1292.07326947972,0.304627,1162
13,2011-01-13,1,0,1,0,Friday,1,Clear,-0.0800000000000001,0.150883,489.702173728328,0.301,1406
14,2011-01-14,1,0,1,0,Saturday,1,Clear,-0.278239999999999,0.188413,836.694999769914,0.126548,1421
15,2011-01-15,1,0,1,0,Sunday,0,Few clouds,3.199984,0.248112,618.773398461914,0.157963,1248
16,2011-01-16,1,0,1,0,Monday,0,Clear,3.120016,0.234217,547.625814477539,0.188433,1204
17,2011-01-17,1,0,1,1,Tuesday,0,,,0.176771,834.668212890625,0.194017,1000
18,2011-01-18,1,0,1,0,Wednesday,1,Few clouds,2.400016,0.232333,5512.61728949032,0.146775,683
19,2011-01-19,1,0,1,0,Thursday,1,Few clouds,,0.298422,3026.94449771584,0.208317,1650
20,2011-01-20,1,0,1,0,Friday,1,Few clouds,4.560016,0.25505,839.854419939154,0.195904,1927
21,2011-01-21,1,0,1,0,Saturday,1,Clear,0.52,0.157833,436.496008402858,0.353242,1543
22,2011-01-22,1,0,1,0,Sunday,0,Clear,-5.1617408,0.0790696,256,0.17197,981
23,2011-01-23,1,0,1,0,Monday,0,Clear,-3.3669584,0.0988391,363.098575681737,0.2466,986
24,2011-01-24,1,0,1,0,Tuesday,1,Clear,-3.3252176,0.11793,584.707433093929,0.15833,1416
25,2011-01-25,1,0,1,0,Wednesday,1,Few clouds,2.726944,0.234526,1448.83718704732,0.129796,1985
26,2011-01-26,1,0,1,0,Thursday,1,Partialy cloudy,2.44,0.2036,5533.96508789063,,506
27,2011-01-27,1,0,1,0,Friday,1,Clear,1.36,0.2197,2234.03930664063,0.113837,431
28,2011-01-28,1,0,1,0,Saturday,1,Few clouds,1.766944,0.223317,3955.36844265907,0.1233,1167
29,2011-01-29,1,0,1,0,Sunday,0,Clear,1.433056,0.212126,1804.24221329141,0.145365,1098
30,2011-01-30,1,0,1,0,Monday,0,Clear,2.393056,0.250322,2719.99054830989,0.0739826,1096
31,2011-01-31,1,0,1,0,Tuesday,1,Few clouds,48.679984,0.18625,1328.70501760254,,1501
32,2011-02-01,1,0,2,0,Wednesday,1,Few clouds,1.224352,0.23453,4735.89082489372,0.053213,1360
33,2011-02-02,1,0,2,0,Thursday,1,Few clouds,4.48,0.254417,3615.274454398,0.264308,1526
34,2011-02-03,1,0,2,0,Friday,1,Clear,0.973936,0.177878,367.45671916673,0.277752,1550
35,2011-02-04,1,0,2,0,Saturday,1,Few clouds,2.142592,0.228587,1172.91822349611,0.127839,1708
36,2011-02-05,1,0,2,0,Sunday,0,Few clouds,3.199984,0.243058,7453.75491193863,0.161079,1005
37,2011-02-06,1,0,2,0,Monday,0,Clear,5.719984,0.291671,1043.30549688049,0.1418,1623
38,2011-02-07,1,0,2,0,Tuesday,1,Clear,5.040016,0.303658,2971.72842981493,,1712
39,2011-02-08,1,0,2,0,Wednesday,1,Clear,2.599984,0.198246,837.261417691439,0.36195,1530
40,2011-02-09,1,0,2,0,Thursday,1,Few clouds,-1.530416,0.144283,599.320423911633,0.188839,1605
41,2011-02-10,1,0,2,0,Friday,1,Clear,-1.071296,0.149548,365.998554391948,0.221935,1538
42,2011-02-11,1,0,2,0,Saturday,1,,1.076368,0.213509,657.432678746033,0.10855,1746
43,2011-02-12,1,0,2,0,Sunday,0,Clear,2.68,0.232954,876.85706401202,,1472
44,2011-02-13,1,0,2,0,Monday,0,Clear,7.193056,0.324113,437.673708896106,0.260883,1589
45,2011-02-14,1,0,2,0,Tuesday,1,Clear,,0.39835,199.516878988395,0.417908,1913
46,2011-02-15,1,0,2,0,Wednesday,1,Clear,,0.254274,97.6433803961568,0.291374,1815
47,2011-02-16,1,0,2,0,Thursday,1,Clear,,0.3162,321.605460012304,0.251791,2115
48,2011-02-17,1,0,2,0,Friday,1,Clear,12.919984,0.428658,650.37750625,0.230104,2475
49,2011-02-18,1,0,2,0,Saturday,1,Clear,17.040016,0.511983,712.595203149928,0.264925,2927
50,2011-02-19,1,0,2,0,Sunday,0,Clear,11.160016,0.391404,12.4699376537496,0.507463,1635
51,2011-02-20,1,0,2,0,Monday,0,Clear,5.690416,0.27733,276.630230774359,0.223235,1812
52,2011-02-21,1,0,2,1,Tuesday,0,Few clouds,6.559984,0.284075,1339.74300625,0.307846,1107
53,2011-02-22,1,0,2,0,Wednesday,1,Clear,0.746656,0.186033,1114.40744530506,0.195683,1450
54,2011-02-23,1,0,2,0,Thursday,1,Clear,2.643472,0.245717,320.286071844969,0.094113,1917
55,2011-02-24,1,0,2,0,Friday,1,Few clouds,,0.289191,2365.40414550847,0.250496,1807
56,2011-02-25,1,0,2,0,Saturday,1,Few clouds,9.488704,0.350461,2572.43528353511,0.346539,1461
57,2011-02-26,1,0,2,0,Sunday,0,Clear,5.56,0.282192,837.261417691439,0.186571,1969
58,2011-02-27,1,0,2,0,Monday,0,Clear,8.486944,0.351109,2138.1376,0.125248,2402
59,2011-02-28,1,0,2,0,Tuesday,1,Few clouds,11.549104,0.400118,5898.4528991397,0.289686,1446
60,2011-03-01,1,0,3,0,Wednesday,1,Clear,4.800016,0.263879,819.24750625,0.216425,1851
61,2011-03-02,1,0,3,0,Thursday,1,Clear,8.08,0.320071,408.544646446441,,2134
62,2011-03-03,1,0,3,0,Friday,1,Clear,1.519984,0.200133,102.689644036416,0.225754,1685
63,2011-03-04,1,0,3,0,Saturday,1,Few clouds,4.560016,0.255679,1388.3740270954,0.203346,1944
64,2011-03-05,1,0,3,0,Sunday,0,Few clouds,10.440016,0.378779,3878.60600562721,0.251871,2077
65,2011-03-06,1,0,3,0,Monday,0,Few clouds,10.073056,0.366252,8085.58705140364,0.343287,605
66,2011-03-07,1,0,3,0,Tuesday,1,Clear,4.563472,0.238461,923.771531360849,0.341352,1872
67,2011-03-08,1,0,3,0,Wednesday,1,Clear,6.04,0.3024,313.645565996551,,2133
68,2011-03-09,1,0,3,0,Thursday,1,Few clouds,6.199984,0.286608,3615.274454398,0.22015,1891
69,2011-03-10,1,0,3,0,Friday,1,Partialy cloudy,10.676368,0.385668,0,0.261877,623
70,2011-03-11,1,0,3,0,Saturday,1,Few clouds,7.193056,0.305,1780.28881971397,0.23297,1977
71,2011-03-12,1,0,3,0,Sunday,0,Clear,7.800016,0.32575,1249.82714167272,0.220775,2132
72,2011-03-13,1,0,3,0,Monday,0,Clear,10.448704,0.380091,773.625643421677,0.270604,2417
73,2011-03-14,1,0,3,0,Tuesday,1,Clear,7.610416,0.332,609.923335038038,0.136926,2046
74,2011-03-15,1,0,3,0,Wednesday,1,Few clouds,7.234768,0.318178,1847.96423298822,0.184309,2056
75,2011-03-16,1,0,3,0,Thursday,1,Few clouds,9.530416,0.36693,3635.92618464216,0.203117,2192
76,2011-03-17,1,0,3,0,Friday,1,Clear,11.92,0.410333,1321.38726841671,,2744
77,2011-03-18,1,0,3,0,Saturday,1,Clear,17.92,0.527009,760.948208323944,0.231017,3239
78,2011-03-19,1,0,3,0,Sunday,0,Clear,14.68,0.466525,206.691268033366,0.368167,3117
79,2011-03-20,1,0,3,0,Monday,0,Clear,7.96,0.32575,503.728927758789,0.207721,2471
80,2011-03-21,2,0,3,0,Tuesday,1,Few clouds,12.66088,0.409735,2956.59154503456,0.288783,2077
81,2011-03-22,2,0,3,0,Wednesday,1,Clear,13.200016,0.440642,1521.81071433595,0.22575,2703
82,2011-03-23,2,0,3,0,Thursday,1,Few clouds,8.653936,0.337939,4968.40855866425,0.234261,2121
83,2011-03-24,2,0,3,0,Friday,1,Few clouds,5.68,0.270833,4216.77271967688,0.243787,1865
84,2011-03-25,2,0,3,0,Saturday,1,Clear,4.680016,0.256312,600.37250625,0.230725,2210
85,2011-03-26,2,0,3,0,Sunday,0,Clear,4.759984,0.257571,241.390985529138,0.209571,2496
86,2011-03-27,2,0,3,0,Monday,0,Few clouds,,0.250339,595.116276605177,0.1843,1693
87,2011-03-28,2,0,3,0,Tuesday,1,,4.688704,0.257574,83.3735654128651,0.212204,2028
88,2011-03-29,2,0,3,0,Wednesday,1,Clear,,0.292908,97.4186842850561,0.226996,2425
89,2011-03-30,2,0,3,0,Thursday,1,Few clouds,6.4,0.29735,1748.73014389612,0.172888,1536
90,2011-03-31,2,0,3,0,Friday,1,Partialy cloudy,4.879984,0.257575,7112.14763686358,0.217646,1685
91,2011-04-01,2,0,4,0,Saturday,1,Few clouds,6.4,0.283454,2217.83600588379,0.258708,2227
92,2011-04-02,2,0,4,0,Sunday,0,Few clouds,7.12,0.315637,1826.61410744629,0.197146,2252
93,2011-04-03,2,0,4,0,Monday,0,Clear,10.159984,0.378767,530.8416,0.182213,3249
94,2011-04-04,2,0,4,0,Tuesday,1,Clear,19.519984,0.542929,330.109154321289,0.385571,3115
95,2011-04-05,2,0,4,0,Wednesday,1,Few clouds,11.880016,0.39835,1699.67030217471,0.388067,1795
96,2011-04-06,2,0,4,0,Thursday,1,Clear,10.759984,0.387608,491.4366900362,0.263063,2808
97,2011-04-07,2,0,4,0,Friday,1,Clear,13,0.433696,1321.38726841671,0.162312,3141
98,2011-04-08,2,0,4,0,Saturday,1,Few clouds,8.119984,0.324479,4890.40158010254,0.226992,1471
99,2011-04-09,2,0,4,0,Sunday,0,Few clouds,8.44,0.341529,5929.09625039062,0.133083,2455
100,2011-04-10,2,0,4,0,Monday,0,Few clouds,12.480016,0.426737,5406.75281289063,0.146767,2895
101,2011-04-11,2,0,4,0,Tuesday,1,Few clouds,20.591296,0.565217,2642.22631973326,0.324474,3348
102,2011-04-12,2,0,4,0,Wednesday,1,Few clouds,16.12,0.493054,2985.17831763272,0.274879,2034
103,2011-04-13,2,0,4,0,Thursday,1,Few clouds,11.8,0.417283,4502.87399354392,0.250617,2162
104,2011-04-14,2,0,4,0,Friday,1,Clear,14.44,0.462742,852.9351434485,0.1107,3267
105,2011-04-15,2,0,4,1,Saturday,0,Clear,13.440016,0.441913,2030.19238674317,0.226375,3126
106,2011-04-16,2,0,4,0,Sunday,0,Partialy cloudy,12.679984,0.425492,6227.34867172212,0.340808,795
107,2011-04-17,2,0,4,0,Monday,0,Clear,13.920016,0.445696,528.999327889613,0.303496,3744
108,2011-04-18,2,0,4,0,Tuesday,1,Clear,16.6,0.503146,866.161687890625,0.163567,3429
109,2011-04-19,2,0,4,0,Wednesday,1,Few clouds,16.279984,0.489258,1965.44666603865,0.157971,3204
110,2011-04-20,2,0,4,0,Thursday,1,Clear,20.56,0.564392,1422.8067277508,0.241925,3944
111,2011-04-21,2,0,4,0,Friday,1,Clear,14.040016,0.453892,274.619812043427,0.325258,4189
112,2011-04-22,2,0,4,0,Saturday,1,Few clouds,8.160016,0.321954,2833.34085424985,0.219521,1683
113,2011-04-23,2,0,4,0,Sunday,0,Few clouds,14.08,0.450121,6215.69197139743,0.230725,4036
114,2011-04-24,2,0,4,0,Monday,0,Few clouds,,0.551763,4322.4070484867,0.192175,4191
115,2011-04-25,2,0,4,0,Tuesday,1,Clear,21.120016,0.5745,3638.64269226921,0.185333,4073
116,2011-04-26,2,0,4,0,Wednesday,1,Clear,22.320016,0.594083,2826.88422309382,0.3265,4400
117,2011-04-27,2,0,4,0,Thursday,1,Few clouds,,0.575142,4870.94509341267,,3872
118,2011-04-28,2,0,4,0,Friday,1,Few clouds,21.64,0.578929,2412.44917652568,0.320908,4058
119,2011-04-29,2,0,4,0,Saturday,1,Clear,16.48,0.497463,436.496008402858,0.240063,4595
120,2011-04-30,2,0,4,0,Sunday,0,Clear,14.68,0.464021,641.832375087615,0.235075,5312
121,2011-05-01,2,0,5,0,Monday,0,Few clouds,13.680016,0.448204,3372.94372379778,0.106354,3351
122,2011-05-02,2,0,5,0,Tuesday,1,Few clouds,18.360016,0.532833,2839.8241,0.183454,4401
123,2011-05-03,2,0,5,0,Wednesday,1,Few clouds,21.600016,0.582079,2361.22822708859,0.342667,4451
124,2011-05-04,2,0,5,0,Thursday,1,Few clouds,11.880016,0.40465,2951.65489777629,0.328996,2633
125,2011-05-05,2,0,5,0,Friday,1,Clear,14.040016,0.441917,389.211044523399,0.295392,4433
126,2011-05-06,2,0,5,0,Saturday,1,Clear,15.000016,0.474117,1211.7361,0.228246,4608
127,2011-05-07,2,0,5,0,Sunday,0,Clear,16.96,0.512621,858.206179711914,0.16045,4714
128,2011-05-08,2,0,5,0,Monday,0,Clear,17.359984,0.518933,1592.03552723655,0.0746375,4333
129,2011-05-09,2,0,5,0,Tuesday,1,Clear,17.56,0.525246,1201.49973830566,0.176,4362
130,2011-05-10,2,0,5,0,Wednesday,1,Clear,17.56,0.522721,572.570020160762,0.115671,4803
131,2011-05-11,2,0,5,0,Thursday,1,,18.04,0.5284,1604.67484084147,0.120642,4182
132,2011-05-12,2,0,5,0,Friday,1,Clear,17.68,0.523363,3122.08546914063,0.189667,4864
133,2011-05-13,2,0,5,0,Saturday,1,Few clouds,16.6,0.4943,5555.37482890423,0.179725,4105
134,2011-05-14,2,0,5,0,Sunday,0,Few clouds,16.999984,0.500629,7242.11637539062,0.13495,3409
135,2011-05-15,2,0,5,0,Monday,0,Few clouds,19,0.536,5652.52752961812,0.152979,4553
136,2011-05-16,2,0,5,0,Tuesday,1,Clear,19.72,0.550512,3854.09027914793,0.126871,3958
137,2011-05-17,2,0,5,0,Wednesday,1,Few clouds,18.960016,0.538529,4929.51289043933,0.277354,4123
138,2011-05-18,2,0,5,0,Thursday,1,Few clouds,18.4,0.527158,5728.9761,0.201492,3855
139,2011-05-19,2,0,5,0,Friday,1,Few clouds,17.479984,0.510742,4736.30187796084,0.108213,4575
140,2011-05-20,2,0,5,0,Saturday,1,Clear,17.760016,0.529042,2681.16522991542,0.125013,4917
141,2011-05-21,2,0,5,0,Sunday,0,Clear,20.92,0.571975,1542.22344922336,0.12065,5805
142,2011-05-22,2,0,5,0,Monday,0,Clear,21.000016,0.5745,3157.0314915787,0.148008,4660
143,2011-05-23,2,0,5,0,Tuesday,1,Few clouds,22.320016,0.590296,4304.6721,0.233842,4274
144,2011-05-24,2,0,5,0,Wednesday,1,Few clouds,23.68,0.604813,3012.18247921088,0.207092,4492
145,2011-05-25,2,0,5,0,Thursday,1,Clear,23.719984,0.615542,2349.96196291504,0.154233,4978
146,2011-05-26,2,0,5,0,Friday,1,Clear,25.999984,0.654688,2106.86737539063,0.199642,4677
147,2011-05-27,2,0,5,0,Saturday,1,Clear,24.720016,0.637008,1826.61410744629,0.240679,4679
148,2011-05-28,2,0,5,0,Sunday,0,Clear,23.479984,0.612379,2833.34085424985,0.230092,4758
149,2011-05-29,2,0,5,0,Monday,0,Clear,24.04,0.61555,4493.71217346191,0.213938,4788
150,2011-05-30,2,0,5,1,Tuesday,0,Clear,27.199984,0.671092,2201.72100625,0.131225,4098
151,2011-05-31,2,0,5,0,Wednesday,1,Clear,29.2,0.725383,1643.04462734641,0.111329,3982
152,2011-06-01,2,0,6,0,Thursday,1,Few clouds,28.680016,0.720967,2101.68507046475,0.207092,3974
153,2011-06-02,2,0,6,0,Friday,1,Clear,26.32,0.643942,86.53650625,0.292287,4968
154,2011-06-03,2,0,6,0,Saturday,1,Clear,21.76,0.587133,157.337545573753,0.253121,5312
155,2011-06-04,2,0,6,0,Sunday,0,Clear,22.48,0.594696,433.322769165039,0.123142,5342
156,2011-06-05,2,0,6,0,Monday,0,Few clouds,23.119984,0.616804,1812.68384414062,0.138692,4906
157,2011-06-06,2,0,6,0,Tuesday,1,Clear,24.559984,0.621858,1296,0.121896,4548
158,2011-06-07,2,0,6,0,Wednesday,1,Clear,25.96,0.65595,1278.09638328092,0.187808,4833
159,2011-06-08,2,0,6,0,Thursday,1,Clear,29.239984,0.727279,1497.59138542422,0.136817,4401
160,2011-06-09,2,0,6,0,Friday,1,Few clouds,30.799984,0.757579,1043.30549688049,0.149883,3915
161,2011-06-10,2,0,6,0,Saturday,1,Clear,28.24,,1339.74300625,0.140554,4586
162,2011-06-11,2,0,6,0,Sunday,0,Clear,26.8,,1835.94171077919,0.15485,4966
163,2011-06-12,2,0,6,0,Monday,0,Clear,25.24,0.643325,3129.05804155484,0.163567,4460
164,2011-06-13,2,0,6,0,Tuesday,1,Clear,22.48,0.601654,598.351987828704,0.30535,5020
165,2011-06-14,2,0,6,0,Wednesday,1,Clear,21.000016,0.591546,661.174665428989,0.269283,4891
166,2011-06-15,2,0,6,0,Thursday,1,Clear,70.080016,0.587754,494.927936201298,0.167912,5180
167,2011-06-16,2,0,6,0,Friday,1,Few clouds,22.159984,0.595346,2244.88637384594,0.206471,3767
168,2011-06-17,2,0,6,0,Saturday,1,Clear,,0.600383,2931.6832329144,0.143029,4844
169,2011-06-18,2,0,6,0,Sunday,0,Clear,,0.643954,2020.13351230994,0.119408,5119
170,2011-06-19,2,0,6,0,Monday,0,Few clouds,25.560016,0.645846,1975.31259259556,0.102,4744
171,2011-06-20,2,0,6,0,Tuesday,1,Few clouds,22.48,0.595346,3101.25427932129,0.155475,4010
172,2011-06-21,3,0,6,0,Wednesday,1,Few clouds,120.679984,0.637646,3522.92525860095,0.171025,4835
173,2011-06-22,3,0,6,0,Thursday,1,Clear,27.199984,0.693829,2505.56559414063,0.172262,4507
174,2011-06-23,3,0,6,0,Friday,1,Few clouds,26.959984,0.693833,2447.05639929663,0.238804,4790
175,2011-06-24,3,0,6,0,Saturday,1,Clear,26.760016,0.656583,1080.50743286738,0.222025,4991
176,2011-06-25,3,0,6,0,Sunday,0,Clear,25.36,0.643313,545.740006853409,0.209571,5202
177,2011-06-26,3,0,6,0,Monday,0,Clear,24.64,0.637629,694.37925320472,0.0945333,5305
178,2011-06-27,3,0,6,0,Tuesday,1,Few clouds,24.76,0.637004,1878.37587354456,0.107588,4708
179,2011-06-28,3,0,6,0,Wednesday,1,Clear,27.720016,0.692558,1617.38926398189,0.144283,4648
180,2011-06-29,3,0,6,0,Thursday,1,Clear,26.959984,0.654688,614.649902765144,0.261821,5225
181,2011-06-30,3,0,6,0,Friday,1,Clear,25.440016,0.637008,355.326209271211,0.185312,5515
182,2011-07-01,3,0,7,0,Saturday,1,,26.68,0.652162,246.534158227539,0.102608,5362
183,2011-07-02,3,0,7,0,Sunday,0,Clear,27.439984,0.667308,390.671210656747,0.115062,5119
184,2011-07-03,3,0,7,0,Monday,0,Few clouds,26.400016,0.668575,2169.75462539063,0.228858,4649
185,2011-07-04,3,0,7,1,Tuesday,0,Few clouds,26.880016,0.665417,1655.98616327393,0.0814792,6043
186,2011-07-05,3,0,7,0,Wednesday,1,Clear,27.840016,0.696338,1215.16545527723,0.126258,4665
187,2011-07-06,3,0,7,0,Thursday,1,Clear,26.56,0.685633,3053.0481545385,0.149883,4629
188,2011-07-07,3,0,7,0,Friday,1,Clear,28,0.686871,1798.83341018066,0.1592,4592
189,2011-07-08,3,0,7,0,Saturday,1,Few clouds,26.040016,0.670483,3299.79221365311,0.225129,4040
190,2011-07-09,3,0,7,0,Sunday,0,Clear,27.199984,0.664158,1377.0365707472,0.167912,5336
191,2011-07-10,3,0,7,0,Monday,0,Clear,27.88,0.690025,1118.69551354093,0.183471,4881
192,2011-07-11,3,0,7,0,Tuesday,1,Clear,28.6,0.729804,1634.45232373478,0.282337,4086
193,2011-07-12,3,0,7,0,Wednesday,1,Clear,30.120016,0.739275,977.611118152825,0.200254,4258
194,2011-07-13,3,0,7,0,Thursday,1,Clear,27.840016,0.689404,1592.03552723655,0.146133,4342
195,2011-07-14,3,0,7,0,Friday,1,Clear,24.679984,0.635104,514.446189477539,0.240667,5084
196,2011-07-15,3,0,7,0,Saturday,1,Clear,23.839984,0.624371,1222.03773049316,0.182833,5538
197,2011-07-16,3,0,7,0,Sunday,0,Clear,24.960016,0.638263,1171.17950625,0.208342,5923
198,2011-07-17,3,0,7,0,Monday,0,Clear,26.520016,0.669833,1332.37967954526,0.245033,5302
199,2011-07-18,3,0,7,0,Tuesday,1,Clear,27.840016,0.703925,1798.83341018066,0.215804,4458
200,2011-07-19,3,0,7,0,Wednesday,1,Clear,29.280016,0.747479,1789.64765497176,0.1306,4541
201,2011-07-20,3,0,7,0,Thursday,1,Clear,28.879984,0.74685,2499.66370020052,0.113817,4332
202,2011-07-21,3,0,7,0,Friday,1,Few clouds,31.12,0.826371,2283.18223830567,0.222021,3784
203,2011-07-22,3,0,7,0,Saturday,1,Clear,32.719984,0.840896,1134.90757961815,0.1331,3387
204,2011-07-23,3,0,7,0,Sunday,0,Clear,32.760016,0.804287,625,0.131221,3285
205,2011-07-24,3,0,7,0,Monday,0,Clear,31.84,0.794829,,0.169171,3606
206,2011-07-25,3,0,7,0,Tuesday,1,Clear,27.679984,0.720958,,0.0908083,3840
207,2011-07-26,3,0,7,0,Wednesday,1,,29.040016,0.696979,,0.200258,4590
208,2011-07-27,3,0,7,0,Thursday,1,,29.2,0.690667,263.54960318528,0.183463,4656
209,2011-07-28,3,0,7,0,Friday,1,,29.400016,0.7399,1157.88701389116,0.178479,4390
210,2011-07-29,3,0,7,0,Saturday,1,,32.239984,0.785967,866.161687890625,0.174138,3846
211,2011-07-30,3,0,7,0,Sunday,0,Clear,30.600016,0.728537,470.891666079734,0.168537,4475
212,2011-07-31,3,0,7,0,Monday,0,Clear,30.679984,0.729796,534.536128864134,0.164813,4302
213,2011-08-01,3,0,8,0,Tuesday,1,Clear,29.040016,0.703292,920.618721806375,0.156717,4266
214,2011-08-02,3,0,8,0,Wednesday,1,Clear,29.599984,0.707071,582.385097680664,0.20585,4845
215,2011-08-03,3,0,8,0,Thursday,1,Few clouds,27.120016,0.679937,1868.88693789062,0.135583,3574
216,2011-08-04,3,0,8,0,Friday,1,Few clouds,26.08,0.664788,3292.53612539062,0.19715,4576
217,2011-08-05,3,0,8,0,Saturday,1,Clear,26.119984,0.656567,1583.6442048833,0.184696,4866
218,2011-08-06,3,0,8,0,Sunday,0,Few clouds,26.400016,0.676154,3249.28500625,0.22825,4294
219,2011-08-07,3,0,8,0,Monday,0,Clear,27.64,0.715292,3213.57479534064,0.201487,3785
220,2011-08-08,3,0,8,0,Tuesday,1,Clear,28.72,0.703283,1228.93911379849,0.192175,4326
221,2011-08-09,3,0,8,0,Wednesday,1,Clear,29.2,0.724121,1058.69251068574,,4602
222,2011-08-10,3,0,8,0,Thursday,1,Clear,28.800016,0.684983,323.70358582569,0.200258,4780
223,2011-08-11,3,0,8,0,Friday,1,Clear,26.44,0.651521,322.432525415039,0.164796,4792
224,2011-08-12,3,0,8,0,Saturday,1,Clear,25.999984,0.654042,296.61450625,0.125621,4905
225,2011-08-13,3,0,8,0,Sunday,0,Few clouds,24.919984,0.645858,2833.34085424985,0.211454,4150
226,2011-08-14,3,0,8,0,Monday,0,Few clouds,24.480016,0.624388,4466.33243789063,0.222633,3820
227,2011-08-15,3,0,8,0,Tuesday,1,Clear,23.959984,0.616167,2571.12073542148,0.208954,4338
228,2011-08-16,3,0,8,0,Wednesday,1,Clear,25.639984,0.645837,1118.69551354093,0.236329,4725
229,2011-08-17,3,0,8,0,Thursday,1,Clear,26.719984,0.666671,1096.30338181611,0.143667,4694
230,2011-08-18,3,0,8,0,Friday,1,Clear,26.160016,0.662258,1835.94171077919,0.233208,3805
231,2011-08-19,3,0,8,0,Saturday,1,Few clouds,24.88,0.633221,2731.20155267583,0.139308,4153
232,2011-08-20,3,0,8,0,Sunday,0,Clear,25.48,0.648996,2065.71289796409,0.104467,5191
233,2011-08-21,3,0,8,0,Monday,0,,26.119984,0.675525,3515.3041,0.248754,3873
234,2011-08-22,3,0,8,0,Tuesday,1,,25.200016,0.638254,487.9681,0.27675,4758
235,2011-08-23,3,0,8,0,Wednesday,1,Clear,22.759984,0.606067,430.166863067229,0.146763,5895
236,2011-08-24,3,0,8,0,Thursday,1,Clear,24.319984,0.630692,1339.74300625,0.253108,5130
237,2011-08-25,3,0,8,0,Friday,1,Few clouds,24.840016,0.645854,3545.84471939267,0.210833,3542
238,2011-08-26,3,0,8,0,Saturday,1,Clear,25.6,0.659733,3358.22060939941,0.0839625,4661
239,2011-08-27,3,0,8,0,Sunday,0,Few clouds,24.64,0.635556,5220.0625,0.375617,1115
240,2011-08-28,3,0,8,0,Monday,0,Clear,25.938832,0.647959,995.906828934182,0.304659,4334
241,2011-08-29,3,0,8,0,Tuesday,1,Clear,22.560016,0.607958,945.945707735096,0.159825,4634
242,2011-08-30,3,0,8,0,Wednesday,1,,22.680016,0.594704,904.018949999597,0.125008,5204
243,2011-08-31,3,0,8,0,Thursday,1,Clear,23.520016,0.611121,1278.09638328092,0.0833333,5058
244,2011-09-01,3,0,9,0,Friday,1,Clear,23.44,0.614921,1669.00400014384,0.141796,5115
245,2011-09-02,3,0,9,0,Saturday,1,Few clouds,22.879984,0.604808,2794.70493562437,0.139929,4727
246,2011-09-03,3,0,9,0,Sunday,0,Clear,24.120016,0.633213,2637.96864241083,0.185325,4484
247,2011-09-04,3,0,9,0,Monday,0,Clear,26.040016,0.665429,3032.56368992726,0.206467,4940
248,2011-09-05,3,0,9,1,Tuesday,0,Few clouds,24.319984,0.625646,3903.23850425917,0.212696,3351
249,2011-09-06,3,0,9,0,Wednesday,1,Partialy cloudy,17.92,0.5152,6188.85435463417,0.343943,2710
250,2011-09-07,3,0,9,0,Thursday,1,Partialy cloudy,20.760016,0.544229,7073.50348691119,0.0970208,1996
251,2011-09-08,3,0,9,0,Friday,1,Partialy cloudy,22.427824,0.555361,7793.04746725799,0.192748,1842
252,2011-09-09,3,0,9,0,Saturday,1,Few clouds,23.2,0.578946,6500.47026482905,0.124379,3544
253,2011-09-10,3,0,9,0,Sunday,0,Clear,23.68,0.607962,3227.81994338379,0.153608,5345
254,2011-09-11,3,0,9,0,Monday,0,Clear,23.359984,0.609229,2595.28158400879,0.115054,5046
255,2011-09-12,3,0,9,0,Tuesday,1,Clear,22.928704,0.60213,2295.4145372515,0.088913,4713
256,2011-09-13,3,0,9,0,Wednesday,1,Clear,23.239984,0.603554,2577.14868164063,0.141804,4763
257,2011-09-14,3,0,9,0,Thursday,1,Clear,24.319984,0.6269,2361.22822708859,0.1673,4785
258,2011-09-15,3,0,9,0,Friday,1,Few clouds,19.72,0.553671,2529.26347643604,0.271146,3659
259,2011-09-16,3,0,9,0,Saturday,1,Few clouds,14.520016,0.461475,1215.16545527723,0.164183,4760
260,2011-09-17,3,0,9,0,Sunday,0,Few clouds,15.600016,0.478512,2662.58372458733,0.189675,4511
261,2011-09-18,3,0,9,0,Monday,0,Clear,16.36,0.490537,2333.13150625,0.178483,4274
262,2011-09-19,3,0,9,0,Tuesday,1,Few clouds,18.360016,0.529675,2266.7121,0.151742,4539
263,2011-09-20,3,0,9,0,Wednesday,1,Few clouds,18.960016,0.532217,6031.09986877441,0.134954,3641
264,2011-09-21,3,0,9,0,Thursday,1,Few clouds,20.56,0.550533,6561,0.0964042,4352
265,2011-09-22,3,0,9,0,Friday,1,Few clouds,22.159984,0.554963,6621.95147555827,0.128125,4795
266,2011-09-23,4,0,9,0,Saturday,1,Few clouds,21.240016,0.522125,8944.54884414062,0.0783667,2395
267,2011-09-24,4,0,9,0,Sunday,0,Few clouds,21.120016,0.564412,5533.96508789063,0.0783833,5423
268,2011-09-25,4,0,9,0,Monday,0,Few clouds,22.440016,0.572637,5098.31700625,0.0503792,5010
269,2011-09-26,4,0,9,0,Tuesday,1,Few clouds,23.160016,0.589042,5179.2329524135,0.1107,4630
270,2011-09-27,4,0,9,0,Wednesday,1,Few clouds,22.560016,0.574525,6145.98399127494,0.118171,4120
271,2011-09-28,4,0,9,0,Thursday,1,Few clouds,22.48,0.575158,5189.42391799317,0.148629,3907
272,2011-09-29,4,0,9,0,Friday,1,Clear,21.600016,0.574512,2389.59162415715,0.172883,4839
273,2011-09-30,4,0,9,0,Saturday,1,Clear,19.080016,0.544829,1757.75803164062,0.206475,5202
274,2011-10-01,4,0,10,0,Sunday,0,Few clouds,11.68,0.412863,3227.81994338379,0.292296,2429
275,2011-10-02,4,0,10,0,Monday,0,Few clouds,9.120016,0.345317,3927.98814525881,0.222013,2918
276,2011-10-03,4,0,10,0,Tuesday,1,Few clouds,10.440016,0.392046,3350.86834531349,0.0833458,3570
277,2011-10-04,4,0,10,0,Wednesday,1,Clear,15.240016,0.472858,2541.1681,0.205854,4456
278,2011-10-05,4,0,10,0,Thursday,1,Clear,17.839984,0.527138,1762.29050103886,0.17725,4826
279,2011-10-06,4,0,10,0,Friday,1,Clear,15.720016,0.480425,1485.59070715535,0.134954,4765
280,2011-10-07,4,0,10,0,Saturday,1,Clear,16.519984,0.504404,2191.03084057632,0.0223917,4985
281,2011-10-08,4,0,10,0,Sunday,0,Clear,17.040016,0.513242,2418.19599221191,0.0454042,5409
282,2011-10-09,4,0,10,0,Monday,0,Clear,17.959984,0.523983,2801.12178164063,0.06345,5511
283,2011-10-10,4,0,10,1,Tuesday,0,Clear,19.399984,0.542925,2898.62782619629,0.0423042,5117
284,2011-10-11,4,0,10,0,Wednesday,1,Few clouds,19.200016,0.546096,4278.16149611816,0.143042,4563
285,2011-10-12,4,0,10,0,Thursday,1,Partialy cloudy,18.079984,0.517717,6745.15724182129,0.24815,2416
286,2011-10-13,4,0,10,0,Friday,1,Few clouds,20.280016,0.551804,6464.3482803061,0.141787,2913
287,2011-10-14,4,0,10,0,Saturday,1,Few clouds,18.439984,0.529675,2631.83428322754,0.223883,3644
288,2011-10-15,4,0,10,0,Sunday,0,Clear,16.320016,0.498725,545.740006853409,0.258083,5217
289,2011-10-16,4,0,10,0,Monday,0,Clear,16.560016,0.503154,560.954445500838,0.281717,5041
290,2011-10-17,4,0,10,0,Tuesday,1,Clear,17.640016,0.510725,1128.39863993361,0.175379,4570
291,2011-10-18,4,0,10,0,Wednesday,1,Few clouds,17.56,0.522721,2423.95306912125,0.110087,4748
292,2011-10-19,4,0,10,0,Thursday,1,Partialy cloudy,18.003472,0.513848,6422.63561259881,0.243339,2424
293,2011-10-20,4,0,10,0,Friday,1,Clear,14.839984,0.466525,1638.74425197754,0.422275,4195
294,2011-10-21,4,0,10,0,Saturday,1,Clear,12.52,0.423596,1086.80821360863,0.221396,4304
295,2011-10-22,4,0,10,0,Sunday,0,Clear,12.28,0.425492,1566.98104367162,0.0926667,4308
296,2011-10-23,4,0,10,0,Monday,0,Clear,12.240016,0.422333,3018.97019533691,0.0995125,4381
297,2011-10-24,4,0,10,0,Tuesday,1,Clear,14.239984,0.457067,3553.49705975304,0.118792,4187
298,2011-10-25,4,0,10,0,Wednesday,1,,14.640016,0.463375,1505.63857632655,0.166658,4687
299,2011-10-26,4,0,10,0,Thursday,1,Few clouds,15.240016,0.472846,2693.6167873721,0.148642,3894
300,2011-10-27,4,0,10,0,Friday,1,Few clouds,14.56,0.457046,4367.01640171029,0.197763,2659
301,2011-10-28,4,0,10,0,Saturday,1,Few clouds,7.879984,0.318812,1177.86448589502,0.229479,3747
302,2011-10-29,4,0,10,0,Sunday,0,Partialy cloudy,4.200016,0.227913,6065.39175039062,0.351371,627
303,2011-10-30,4,0,10,0,Monday,0,Clear,7.320016,0.321329,1513.70844729004,0.176617,3331
304,2011-10-31,4,0,10,0,Tuesday,1,Clear,8.32,0.356063,2447.05639929663,0.10635,3669
305,2011-11-01,4,0,11,0,Wednesday,1,Clear,11.239984,0.397088,2185.69398635254,0.135571,4068
306,2011-11-02,4,0,11,0,Thursday,1,Clear,10.12,0.390133,2668.77174377441,0.0820917,4186
307,2011-11-03,4,0,11,0,Friday,1,Clear,11.599984,0.405921,2429.70657658622,0.136817,3974
308,2011-11-04,4,0,11,0,Saturday,1,Few clouds,11.359984,0.403392,1501.61093789063,0.271779,4046
309,2011-11-05,4,0,11,0,Sunday,0,Clear,55.680016,0.323854,726.487787077353,0.189062,3926
310,2011-11-06,4,0,11,0,Monday,0,Clear,8.719984,0.362358,2911.81309001456,0.0920542,3649
311,2011-11-07,4,0,11,0,Tuesday,1,Clear,10.96,0.400871,3314.32289064941,0.057225,4035
312,2011-11-08,4,0,11,0,Wednesday,1,Clear,11.599984,0.412246,2712.36034469403,0.0690375,4205
313,2011-11-09,4,0,11,0,Thursday,1,Clear,11.2,0.409079,3307.0428447492,0.0621958,4109
314,2011-11-10,4,0,11,0,Friday,1,Few clouds,10.24,0.373721,4375.96232751848,0.189067,2933
315,2011-11-11,4,0,11,1,Saturday,0,Clear,7.560016,0.306817,396.563662133789,0.314675,3368
316,2011-11-12,4,0,11,0,Sunday,0,Clear,9.120016,0.357942,934.630118108804,0.212062,4067
317,2011-11-13,4,0,11,0,Monday,0,Clear,13.159984,0.43055,441.29043113566,0.281721,3717
318,2011-11-14,4,0,11,0,Tuesday,1,Clear,17.44,0.524612,1187.94960989754,0.306596,4486
319,2011-11-15,4,0,11,0,Wednesday,1,Few clouds,17.44,0.507579,2250.33123049316,0.199633,4195
320,2011-11-16,4,0,11,0,Thursday,1,Partialy cloudy,13.920016,0.451988,7480.5201,0.136829,1817
321,2011-11-17,4,0,11,0,Friday,1,Few clouds,8.400016,0.323221,1099.47712894707,0.305362,3053
322,2011-11-18,4,0,11,0,Saturday,1,Clear,5.160016,,282.5761,0.168533,3392
323,2011-11-19,4,0,11,0,Sunday,0,Clear,7.800016,0.324483,635.480264281375,0.224496,3663
324,2011-11-20,4,0,11,0,Monday,0,Few clouds,14.239984,0.457058,2196.36462884244,0.18595,3520
325,2011-11-21,4,0,11,0,Tuesday,1,Partialy cloudy,13.48,0.445062,6857.4961,0.138054,2765
326,2011-11-22,4,0,11,0,Wednesday,1,Partialy cloudy,12.000016,0.421696,8582.28540039063,0.118792,1607
327,2011-11-23,4,0,11,0,Thursday,1,Few clouds,13.159984,0.430537,3299.79221365311,0.335825,2566
328,2011-11-24,4,0,11,1,Friday,0,Clear,9.919984,0.372471,909.531466373954,0.167304,1495
329,2011-11-25,4,0,11,0,Saturday,1,,10,0.380671,1717.39015197754,0.0988958,2792
330,2011-11-26,4,0,11,0,Sunday,0,,10.039984,0.385087,2159.18114933514,0.0684208,3068
331,2011-11-27,4,0,11,0,Monday,0,Clear,14.040016,0.4558,2378.2103297064,0.208954,3071
332,2011-11-28,4,0,11,0,Tuesday,1,Clear,16.166944,0.490122,3048.28654179672,0.142122,3867
333,2011-11-29,4,0,11,0,Wednesday,1,Few clouds,13.999984,0.451375,4764.91274324266,0.258092,2914
334,2011-11-30,4,0,11,0,Thursday,1,Clear,7.6,0.311221,1415.09412864251,0.271158,3613
335,2011-12-01,4,0,12,0,Friday,1,Clear,7,0.305554,757.280632291894,0.220158,3727
336,2011-12-02,4,0,12,0,Saturday,1,Clear,7.080016,0.331433,1534.02994935349,0.100754,3940
337,2011-12-03,4,0,12,0,Sunday,0,Clear,6.360016,0.310604,1411.2588188783,0.0957833,3614
338,2011-12-04,4,0,12,0,Monday,0,Clear,7.879984,0.3491,3623.03886957295,0.0839583,3485
339,2011-12-05,4,0,12,0,Tuesday,1,Few clouds,10.519984,0.393925,4679.46687594369,0.0622083,3811
340,2011-12-06,4,0,12,0,Wednesday,1,Partialy cloudy,14.2,0.4564,8130.77089833421,0.232583,2594
341,2011-12-07,4,0,12,0,Thursday,1,Partialy cloudy,11.68,0.400246,8868.16130518336,0.266175,705
342,2011-12-08,4,0,12,0,Friday,1,Clear,52.759984,0.256938,1131.6496,0.240058,3322
343,2011-12-09,4,0,12,0,Saturday,1,Clear,5.959984,0.317542,2344.33723540253,0.0827167,3620
344,2011-12-10,4,0,12,0,Sunday,0,Clear,5.2,0.266412,663.352219140625,0.233221,3190
345,2011-12-11,4,0,12,0,Monday,0,Clear,2.599984,0.253154,576.4801,0.0665417,2743
346,2011-12-12,4,0,12,0,Tuesday,1,Clear,3.439984,0.270196,2025.1522278618,0.06345,3310
347,2011-12-13,4,0,12,0,Wednesday,1,Clear,5.56,0.301138,1211.7361,0.14055,3523
348,2011-12-14,4,0,12,0,Thursday,1,Few clouds,7.24,0.338362,1940.96693166504,0.0609583,3740
349,2011-12-15,4,0,12,0,Friday,1,Few clouds,12.28,0.412237,1617.38926398189,0.268042,3709
350,2011-12-16,4,0,12,0,Saturday,1,Few clouds,10,0.359825,627.087609785537,0.260575,3577
351,2011-12-17,4,0,12,0,Sunday,0,Few clouds,4.399984,0.249371,989.314194287653,0.243167,2739
352,2011-12-18,4,0,12,0,Monday,0,Clear,3.439984,0.245579,1181.22171682129,0.169779,2431
353,2011-12-19,4,0,12,0,Tuesday,1,Clear,5.280016,0.280933,1651.66040039063,0.172896,3403
354,2011-12-20,4,0,12,0,Wednesday,1,Few clouds,10.519984,0.396454,1256.85425815427,0.0615708,3750
355,2011-12-21,1,0,12,0,Thursday,1,Few clouds,12.559984,0.428017,5427.79254262065,0.2214,2660
356,2011-12-22,1,0,12,0,Friday,1,Few clouds,12.319984,0.426121,3292.53612539062,0.047275,3068
357,2011-12-23,1,0,12,0,Saturday,1,Clear,9.919984,0.377513,2217.83600588379,0.274246,2209
358,2011-12-24,1,0,12,0,Sunday,0,Clear,6.52,0.299242,866.161687890625,0.190304,1011
359,2011-12-25,1,0,12,0,Monday,0,Clear,5.189584,0.279961,2154.58560980213,0.155091,754
360,2011-12-26,1,0,12,1,Tuesday,0,Clear,7.443472,0.315535,660.517755515444,0.239465,1317
361,2011-12-27,1,0,12,0,Wednesday,1,Few clouds,7.6,0.327633,3380.33227539063,0.18845,1162
362,2011-12-28,1,0,12,0,Thursday,1,Clear,6.35824,0.279974,644.795874162832,0.293961,2302
363,2011-12-29,1,0,12,0,Friday,1,Clear,3.919984,0.263892,1086.80821360863,0.119412,2423
364,2011-12-30,1,0,12,0,Saturday,1,Clear,6.960016,0.318812,1643.04462734641,0.134337,2999
365,2011-12-31,1,0,12,0,Sunday,0,Clear,11.68,0.414121,1438.30777829887,0.220154,2485
366,2012-01-01,1,1,1,0,Monday,0,Clear,9.76,0.375621,2299.74196914063,0.192167,2294
367,2012-01-02,1,1,1,1,Tuesday,0,Clear,5.106064,0.252304,211.390489656744,0.329665,1951
368,2012-01-03,1,1,1,0,Wednesday,1,Clear,-0.800000000000001,0.126275,379.086984399414,0.365671,2236
369,2012-01-04,1,1,1,0,Thursday,1,Few clouds,-2.84,0.119337,295.424126033589,0.1847,2368
370,2012-01-05,1,1,1,0,Friday,1,,4.759984,0.278412,754.881361180953,0.129987,3272
371,2012-01-06,1,1,1,0,Saturday,1,Clear,8.040016,0.340267,863.501609088968,0.167908,4098
372,2012-01-07,1,1,1,0,Sunday,0,Clear,10.879984,0.390779,799.022152039477,0.174758,4521
373,2012-01-08,1,1,1,0,Monday,0,Clear,8.2,0.340258,467.53250625,0.191542,3425
374,2012-01-09,1,1,1,0,Tuesday,1,Few clouds,2.760016,0.247479,2423.95306912125,0.0989,2376
375,2012-01-10,1,1,1,0,Wednesday,1,Clear,6.817408,0.318826,1747.16222347179,0.187552,3598
376,2012-01-11,1,1,1,0,Thursday,1,Few clouds,5.160016,0.282821,5158.92040664062,0.131221,2177
377,2012-01-12,1,1,1,0,Friday,1,Few clouds,10.36,0.381938,4156.06769631535,0.180967,4097
378,2012-01-13,1,1,1,0,Saturday,1,Clear,5.160016,0.249362,663.352219140625,0.378108,3214
379,2012-01-14,1,1,1,0,Sunday,0,Clear,0.640000000000001,0.183087,438.091062890625,0.187183,2493
380,2012-01-15,1,1,1,0,Monday,0,Clear,1.60000000004601E-05,0.161625,308.708322255431,0.251258,2311
381,2012-01-16,1,1,1,1,Tuesday,0,Clear,1.12,0.190663,745.324125390625,0.231358,2298
382,2012-01-17,1,1,1,0,Wednesday,1,Few clouds,9.906064,0.364278,2629.43935089854,0.34913,2935
383,2012-01-18,1,1,1,0,Thursday,1,Clear,6.559984,0.275254,386.296024625014,0.415429,3376
384,2012-01-19,1,1,1,0,Friday,1,Clear,1.12,0.190038,612.593437890625,0.220158,3292
385,2012-01-20,1,1,1,0,Saturday,1,Few clouds,2.44,0.220958,410.0625,0.20275,3163
386,2012-01-21,1,1,1,0,Sunday,0,Few clouds,0.319984,0.174875,4774.48609924316,0.222642,1301
387,2012-01-22,1,1,1,0,Monday,0,Few clouds,-0.199999999999999,0.16225,4019.73831447754,0.199638,1977
388,2012-01-23,1,1,1,0,Tuesday,1,Few clouds,2.479984,0.243058,6895.25235549317,0.110708,2432
389,2012-01-24,1,1,1,0,Wednesday,1,Clear,8.44,0.349108,4880.65438676082,0.123767,4339
390,2012-01-25,1,1,1,0,Thursday,1,Clear,6.120016,0.294821,1717.39015197754,0.161071,4270
391,2012-01-26,1,1,1,0,Friday,1,Few clouds,8.400016,0.35605,3507.69531325423,0.0733958,4075
392,2012-01-27,1,1,1,0,Saturday,1,Few clouds,12.4,0.415383,3018.97019533691,0.342667,3456
393,2012-01-28,1,1,1,0,Sunday,0,Clear,7.159984,0.326379,871.493862596042,0.210829,4023
394,2012-01-29,1,1,1,0,Monday,0,Clear,5.56,0.272721,93.8506836181641,0.24005,3243
395,2012-01-30,1,1,1,0,Tuesday,1,Clear,4.920016,0.262625,258.139150587367,0.215792,3624
396,2012-01-31,1,1,1,0,Wednesday,1,Clear,10.72,0.381317,301.409143519676,0.261817,4509
397,2012-02-01,1,1,2,0,Thursday,1,Clear,14.520016,0.466538,665.535147196715,0.189067,4579
398,2012-02-02,1,1,2,0,Friday,1,Few clouds,11.160016,0.398971,2050.43497116784,0.187187,3761
399,2012-02-03,1,1,2,0,Saturday,1,Clear,7.039984,0.309346,769.386263859627,0.178496,4151
400,2012-02-04,1,1,2,0,Sunday,0,Few clouds,4.680016,0.272725,3693.59641802199,0.121896,2832
401,2012-02-05,1,1,2,0,Monday,0,Few clouds,4.759984,0.264521,2239.46442556523,0.175996,2947
402,2012-02-06,1,1,2,0,Tuesday,1,Clear,5.565232,0.296426,1498.46786475116,0.1538,3784
403,2012-02-07,1,1,2,0,Wednesday,1,Clear,9.000016,0.361104,606.459884790039,0.147379,4375
404,2012-02-08,1,1,2,0,Thursday,1,Few clouds,4.320016,0.266421,2731.20155267583,0.133721,2802
405,2012-02-09,1,1,2,0,Friday,1,Clear,4.72,0.261988,998.163768292773,0.194037,3830
406,2012-02-10,1,1,2,0,Saturday,1,Few clouds,5.479984,0.293558,850.3056,0.116929,3831
407,2012-02-11,1,1,2,0,Sunday,0,Partialy cloudy,2.760016,0.210867,2859.32496643066,0.289796,2169
408,2012-02-12,1,1,2,0,Monday,0,Clear,-1.88,0.101658,465.857676505526,0.409212,1529
409,2012-02-13,1,1,2,0,Tuesday,1,Clear,2.68,0.227913,286.037941430664,0.167283,3422
410,2012-02-14,1,1,2,0,Wednesday,1,Few clouds,7.320016,0.333946,669.911894555664,0.141179,3922
411,2012-02-15,1,1,2,0,Thursday,1,Clear,8.719984,0.351629,796.518325805664,0.1816,4169
412,2012-02-16,1,1,2,0,Friday,1,Few clouds,7.200016,0.330162,3213.57479534064,0.091425,3005
413,2012-02-17,1,1,2,0,Saturday,1,Clear,8.479984,0.351629,1621.63733283703,0.205846,4154
414,2012-02-18,1,1,2,0,Sunday,0,Clear,8.640016,0.355425,816.696276326293,0.190929,4318
415,2012-02-19,1,1,2,0,Monday,0,Few clouds,5.44,0.265788,708.005268319413,0.253112,2689
416,2012-02-20,1,1,2,1,Tuesday,0,Clear,5.44,0.273391,665.058317918183,0.229083,3129
417,2012-02-21,1,1,2,0,Wednesday,1,Clear,5.815648,0.295113,1247.85241116183,0.205717,3777
418,2012-02-22,1,1,2,0,Thursday,1,Clear,10.999984,0.392667,1040.25419566617,0.234471,4773
419,2012-02-23,1,1,2,0,Friday,1,Clear,13.800016,0.444446,945.945707735096,0.190913,5062
420,2012-02-24,1,1,2,0,Saturday,1,Few clouds,11.56,0.410971,2958.34008789063,0.237567,3487
421,2012-02-25,1,1,2,0,Sunday,0,Clear,5.959984,0.255675,245.498018664239,0.421642,2732
422,2012-02-26,1,1,2,0,Monday,0,Clear,5.400016,0.268308,282.5761,0.205229,3389
423,2012-02-27,1,1,2,0,Tuesday,1,Clear,9.600016,0.357954,580.410172178736,0.268033,4322
424,2012-02-28,1,1,2,0,Wednesday,1,Clear,9.240016,0.353525,245.498018664239,0.193417,4363
425,2012-02-29,1,1,2,0,Thursday,1,Few clouds,8.528704,0.34847,4194.83782692695,0.179117,1834
426,2012-03-01,1,1,3,0,Friday,1,Clear,15.319984,0.475371,1434.42536187911,0.226987,4990
427,2012-03-02,1,1,3,0,Saturday,1,Few clouds,8.959984,0.359842,1864.15030050758,0.144904,3194
428,2012-03-03,1,1,3,0,Sunday,0,Few clouds,11.880016,0.413492,1489.58608596191,0.161079,4066
429,2012-03-04,1,1,3,0,Monday,0,Clear,7.639984,0.303021,264.639718983307,0.334571,3423
430,2012-03-05,1,1,3,0,Tuesday,1,Clear,3.679984,0.241171,656.840835571289,0.228858,3333
431,2012-03-06,1,1,3,0,Wednesday,1,Clear,4.399984,0.255042,434.909122891761,0.200875,3956
432,2012-03-07,1,1,3,0,Thursday,1,Clear,11.400016,0.3851,694.37925320472,0.345779,4916
433,2012-03-08,1,1,3,0,Friday,1,Clear,17.32,0.524604,1037.20228164063,0.441563,5382
434,2012-03-09,1,1,3,0,Saturday,1,Few clouds,11.719984,0.397083,274.619812043427,0.4148,4569
435,2012-03-10,1,1,3,0,Sunday,0,Clear,5.8,0.277767,150.778934099616,0.22575,4118
436,2012-03-11,1,1,3,0,Monday,0,Clear,9.363472,0.35967,517.50780975779,0.222587,4911
437,2012-03-12,1,1,3,0,Tuesday,1,Clear,14.400016,0.459592,572.570020160762,0.207713,5298
438,2012-03-13,1,1,3,0,Wednesday,1,Clear,19.12,0.542929,1453.94456289063,0.23695,5847
439,2012-03-14,1,1,3,0,Thursday,1,Clear,19.48,0.548617,661.174665428989,0.115062,6312
440,2012-03-15,1,1,3,0,Friday,1,Clear,18.76,0.532825,1128.39863993361,0.149883,6192
441,2012-03-16,1,1,3,0,Saturday,1,,12.919984,0.436229,5028.2816923466,0.113192,4378
442,2012-03-17,1,1,3,0,Sunday,0,Few clouds,16.680016,0.505046,3263.64864667034,0.110704,7836
443,2012-03-18,1,1,3,0,Monday,0,Few clouds,14.68,0.464,4304.6721,0.126883,5892
444,2012-03-19,1,1,3,0,Tuesday,1,Clear,18.16,0.532821,2820.42315236816,0.162317,6153
445,2012-03-20,1,1,3,0,Wednesday,1,Clear,18.919984,0.538533,4260.56294794449,0.121271,6093
446,2012-03-21,2,1,3,0,Thursday,1,Few clouds,17.520016,0.513258,4548.84910158692,0.0895583,6230
447,2012-03-22,2,1,3,0,Friday,1,Clear,18.600016,0.531567,4774.48609924316,0.117562,6871
448,2012-03-23,2,1,3,0,Saturday,1,Few clouds,20.880016,0.570067,2321.9659969952,0.1163,8362
449,2012-03-24,2,1,3,0,Sunday,0,Few clouds,16.12,0.486733,6145.98399127494,0.192783,3372
450,2012-03-25,2,1,3,0,Monday,0,Few clouds,13,0.437488,6019.69250824925,,4996
451,2012-03-26,2,1,3,0,Tuesday,1,Clear,13.399984,0.43875,521.686882022004,0.386821,5558
452,2012-03-27,2,1,3,0,Wednesday,1,Clear,7.519984,0.315654,70.7281,0.187192,5102
453,2012-03-28,2,1,3,0,Thursday,1,Clear,15.240016,0.47095,536.392837524414,0.291671,5698
454,2012-03-29,2,1,3,0,Friday,1,Clear,15.720016,,371.979319166471,0.31965,6133
455,2012-03-30,2,1,3,0,Saturday,1,,9.76,0.375621,1138.16475071021,0.138067,5459
456,2012-03-31,2,1,3,0,Sunday,0,,12.360016,0.421708,2971.72842981493,0.250617,6235
457,2012-04-01,2,1,4,0,Monday,0,Few clouds,12.439984,0.417287,2091.36151760254,0.172267,6041
458,2012-04-02,2,1,4,0,Tuesday,1,Clear,12.827824,0.427513,647.025224121874,0.312139,5936
459,2012-04-03,2,1,4,0,Wednesday,1,Clear,14.400016,0.461483,247.573574153641,0.100133,6772
460,2012-04-04,2,1,4,0,Thursday,1,Clear,18.000016,0.53345,486.238635721888,0.180975,6436
461,2012-04-05,2,1,4,0,Friday,1,Clear,12.88,0.431163,196.002642898109,0.219529,6457
462,2012-04-06,2,1,4,0,Saturday,1,Clear,,0.390767,202.184479507784,0.300388,6460
463,2012-04-07,2,1,4,0,Sunday,0,Clear,13,0.426129,41.732716152051,0.274871,6857
464,2012-04-08,2,1,4,0,Monday,0,Clear,16,0.492425,57.8875130092572,0.232596,5169
465,2012-04-09,2,1,4,0,Tuesday,1,Clear,15.480016,0.476638,101.619000390625,0.358196,5585
466,2012-04-10,2,1,4,0,Wednesday,1,Clear,13.440016,,358.06100625,,5918
467,2012-04-11,2,1,4,0,Thursday,1,Clear,8.737408,0.337274,486.164086241026,0.295274,4862
468,2012-04-12,2,1,4,0,Friday,1,Clear,11.08,0.387604,472.580044946289,0.290429,5409
469,2012-04-13,2,1,4,0,Saturday,1,Clear,13.24,0.431808,278.008399700186,0.155471,6398
470,2012-04-14,2,1,4,0,Sunday,0,Clear,15.76,0.487996,639.713130467596,0.190917,7460
471,2012-04-15,2,1,4,0,Monday,0,Clear,21.120016,0.573875,665.535147196715,0.225129,7132
472,2012-04-16,2,1,4,1,Tuesday,0,Clear,23.880016,0.614925,995.212066298585,0.284829,6370
473,2012-04-17,2,1,4,0,Wednesday,1,Clear,21.199984,0.598487,232.335128962499,0.273629,6691
474,2012-04-18,2,1,4,0,Thursday,1,Few clouds,14.239984,0.457038,1049.44298273836,0.167912,4367
475,2012-04-19,2,1,4,0,Friday,1,Clear,15.919984,0.493046,1407.42211914063,0.0659292,6565
476,2012-04-20,2,1,4,0,Saturday,1,Clear,17.280016,0.515775,2327.53702818353,0.149871,7290
477,2012-04-21,2,1,4,0,Sunday,0,Clear,19.36,0.542921,2175.0622722161,0.283587,6624
478,2012-04-22,2,1,4,0,Monday,0,Partialy cloudy,11.040016,0.389504,4870.94509341267,0.344546,1027
479,2012-04-23,2,1,4,0,Tuesday,1,Few clouds,7.440016,0.301125,3454.83316889281,0.303496,3214
480,2012-04-24,2,1,4,0,Wednesday,1,Clear,11.839984,0.405283,425.463491662255,0.249383,5633
481,2012-04-25,2,1,4,0,Thursday,1,Clear,14.880016,0.470317,335.303557130846,0.118792,6196
482,2012-04-26,2,1,4,0,Friday,1,Few clouds,15.919984,0.483583,3278.07718498308,0.176625,5026
483,2012-04-27,2,1,4,0,Saturday,1,Clear,13.96,0.452637,258.139150587367,0.347633,6233
484,2012-04-28,2,1,4,0,Sunday,0,Few clouds,10.080016,0.377504,574.520218304007,0.129975,4220
485,2012-04-29,2,1,4,0,Monday,0,Clear,13.999984,0.450121,1187.94960989754,0.116908,6304
486,2012-04-30,2,1,4,0,Tuesday,1,Few clouds,14.280016,0.457696,1055.6001,0.171638,5572
487,2012-05-01,2,1,5,0,Wednesday,1,Few clouds,21.439984,0.577021,1892.6827095689,0.156096,5740
488,2012-05-02,2,1,5,0,Thursday,1,Clear,19.080016,0.537896,4036.58578780788,0.138058,6169
489,2012-05-03,2,1,5,0,Friday,1,Few clouds,18.88,0.537242,3484.96119315634,0.133696,6421
490,2012-05-04,2,1,5,0,Saturday,1,Clear,22.12,0.590917,2925.05919518825,0.162938,6296
491,2012-05-05,2,1,5,0,Sunday,0,Few clouds,21.840016,0.584608,3278.07718498308,0.152992,6883
492,2012-05-06,2,1,5,0,Monday,0,Few clouds,19,0.546737,2998.6576,0.149879,6359
493,2012-05-07,2,1,5,0,Tuesday,1,,17.8,0.527142,1945.84916907854,0.230721,6273
494,2012-05-08,2,1,5,0,Wednesday,1,,19.920016,0.557471,2212.45024274124,0.296029,5728
495,2012-05-09,2,1,5,0,Thursday,1,,19.6,0.553025,3066.77298898966,0.216412,4717
496,2012-05-10,2,1,5,0,Friday,1,,16.279984,0.491783,929.003814857537,0.314063,6572
497,2012-05-11,2,1,5,0,Saturday,1,Clear,17.599984,0.520833,168.741175285335,0.236937,7030
498,2012-05-12,2,1,5,0,Sunday,0,Clear,19.080016,0.544817,532.688679794063,0.123133,7429
499,2012-05-13,2,1,5,0,Monday,0,Clear,21.4,0.585238,1102.66541604004,0.225117,6118
500,2012-05-14,2,1,5,0,Tuesday,1,Few clouds,19.519984,0.5499,3886.79071863643,0.212692,2843
501,2012-05-15,2,1,5,0,Wednesday,1,Few clouds,21.360016,0.576404,3986.18156736115,0.147392,5115
502,2012-05-16,2,1,5,0,Thursday,1,,22.560016,0.595975,2372.5485504635,0.122512,7424
503,2012-05-17,2,1,5,0,Friday,1,Clear,20.479984,0.572613,731.1616,0.229475,7384
504,2012-05-18,2,1,5,0,Saturday,1,Clear,19.080016,0.551121,750.088460548493,0.136817,7639
505,2012-05-19,2,1,5,0,Sunday,0,Clear,20.8,0.566908,433.322769165039,0.083975,8294
506,2012-05-20,2,1,5,0,Monday,0,Clear,21.799984,0.583967,791.534300622757,0.254367,7129
507,2012-05-21,2,1,5,0,Tuesday,1,Few clouds,20.719984,0.565667,4331.30572268067,0.233204,4359
508,2012-05-22,2,1,5,0,Wednesday,1,Few clouds,21.52,0.580825,3439.82465701831,0.118167,6073
509,2012-05-23,2,1,5,0,Thursday,1,Few clouds,21.840016,0.584612,3599.74589115228,0.102,5260
510,2012-05-24,2,1,5,0,Friday,1,Clear,23.44,0.6067,2637.96864241083,0.172896,6770
511,2012-05-25,2,1,5,0,Saturday,1,Clear,24.64,0.627529,3115.12455611489,0.14055,6734
512,2012-05-26,2,1,5,0,Sunday,0,Clear,25.24,0.642696,2878.92609414063,0.198992,6536
513,2012-05-27,2,1,5,0,Monday,0,Clear,25.12,0.641425,2361.22822708859,0.215171,6591
514,2012-05-28,2,1,5,1,Tuesday,0,Clear,26.2,0.6793,2091.36151760254,0.196521,6043
515,2012-05-29,2,1,5,0,Wednesday,1,Clear,26.68,0.672992,2196.36462884244,0.2954,5743
516,2012-05-30,2,1,5,0,Thursday,1,Few clouds,23.520016,0.611129,2015.1121,0.134329,6855
517,2012-05-31,2,1,5,0,Friday,1,Clear,,0.631329,590.330451579359,,7338
518,2012-06-01,2,1,6,0,Saturday,1,Few clouds,23.400016,0.607962,3256.46950853979,0.237563,4127
519,2012-06-02,2,1,6,0,Sunday,0,Clear,19.999984,,909.531466373954,0.186562,8120
520,2012-06-03,2,1,6,0,Monday,0,Clear,20.92,,,0.184087,7641
521,2012-06-04,2,1,6,0,Tuesday,1,Clear,20.68,0.578283,562.874907978533,0.284833,6998
522,2012-06-05,2,1,6,0,Wednesday,1,Few clouds,,0.525892,1415.09412864251,,7001
523,2012-06-06,2,1,6,0,Thursday,1,Clear,18.600016,,,0.077125,7055
524,2012-06-07,2,1,6,0,Friday,1,Clear,20.92,0.569442,1034.15708786039,0.15735,7494
525,2012-06-08,2,1,6,0,Saturday,1,Clear,23.160016,0.597862,479.374905550437,0.175383,7736
526,2012-06-09,2,1,6,0,Sunday,0,Clear,26.119984,0.648367,364.968734019082,0.144287,7498
527,2012-06-10,2,1,6,0,Monday,0,Clear,26.880016,0.663517,839.854419939154,0.133721,6598
528,2012-06-11,2,1,6,0,Tuesday,1,Few clouds,26.599984,0.659721,1194.71433064934,0.207713,6664
529,2012-06-12,2,1,6,0,Wednesday,1,Few clouds,23.359984,0.597875,4822.52314815278,0.214546,4972
530,2012-06-13,2,1,6,0,Thursday,1,Clear,23.479984,0.611117,1147.99411784325,0.343279,7421
531,2012-06-14,2,1,6,0,Friday,1,Clear,23.119984,0.624383,1052.5144688992,0.253733,7363
532,2012-06-15,2,1,6,0,Saturday,1,Clear,22.680016,0.599754,1208.31400841468,0.176617,7665
533,2012-06-16,2,1,6,0,Sunday,0,Clear,22.320016,0.594708,646.096908456556,0.166667,7702
534,2012-06-17,2,1,6,0,Monday,0,Clear,20.44,0.571975,1285.23370314941,0.144904,6978
535,2012-06-18,2,1,6,0,Tuesday,1,Few clouds,19.279984,0.544842,3662.12403236965,0.174746,5099
536,2012-06-19,2,1,6,0,Wednesday,1,Clear,25.039984,0.654692,2266.7121,0.148017,6825
537,2012-06-20,2,1,6,0,Thursday,1,Clear,29.56,0.720975,1228.93911379849,0.113812,6211
538,2012-06-21,3,1,6,0,Friday,1,Clear,30.679984,0.752542,1040.25419566617,0.118787,5905
539,2012-06-22,3,1,6,0,Saturday,1,Clear,29.32,0.724121,1083.65438869629,0.182842,5823
540,2012-06-23,3,1,6,0,Sunday,0,Clear,27.120016,0.652792,816.696276326293,0.179721,7458
541,2012-06-24,3,1,6,0,Monday,0,Clear,27.679984,0.674254,527.166255788568,0.145525,6891
542,2012-06-25,3,1,6,0,Tuesday,1,Clear,26.359984,0.654042,646.096908456556,0.300383,6779
543,2012-06-26,3,1,6,0,Wednesday,1,Clear,22.279984,0.594704,194.26095559204,0.347642,7442
544,2012-06-27,3,1,6,0,Thursday,1,Clear,25.48,0.640792,167.9616,0.271775,7335
545,2012-06-28,3,1,6,0,Friday,1,Clear,27.960016,0.675512,318.644812890625,0.17165,6879
546,2012-06-29,3,1,6,0,Saturday,1,Clear,32.040016,0.786613,570.620121118164,0.165417,5463
547,2012-06-30,3,1,6,0,Sunday,0,Clear,28.72,0.687508,1306.83379689941,0.161071,5687
548,2012-07-01,3,1,7,0,Monday,0,Clear,31.159984,0.750629,724.156509399414,0.168529,5531
549,2012-07-02,3,1,7,0,Tuesday,1,Clear,29.520016,0.702038,399.532971957636,0.195267,6227
550,2012-07-03,3,1,7,0,Wednesday,1,Clear,29.479984,0.70265,586.345298046147,0.126237,6660
551,2012-07-04,3,1,7,1,Thursday,0,Clear,29.880016,0.732337,842.459695336914,0.13495,7403
552,2012-07-05,3,1,7,0,Friday,1,Clear,31.72,0.761367,439.690484905537,0.194029,6241
553,2012-07-06,3,1,7,0,Saturday,1,Clear,31.759984,0.752533,413.107226160336,0.146142,6207
554,2012-07-07,3,1,7,0,Sunday,0,Clear,33.360016,0.804913,586.345298046147,0.163554,4840
555,2012-07-08,3,1,7,0,Monday,0,Clear,31.48,0.790396,1083.65438869629,0.125629,4672
556,2012-07-09,3,1,7,0,Tuesday,1,Few clouds,26.119984,0.654054,2180.36688759571,0.180975,6569
557,2012-07-10,3,1,7,0,Wednesday,1,Few clouds,26.599984,0.664796,1985.20371914063,0.151737,6290
558,2012-07-11,3,1,7,0,Thursday,1,Clear,26.400016,0.650271,1608.89784741008,0.151733,7264
559,2012-07-12,3,1,7,0,Friday,1,Clear,26.359984,0.654683,786.567760828261,0.146775,7446
560,2012-07-13,3,1,7,0,Saturday,1,Few clouds,27.120016,0.667933,557.119093715602,0.08085,7499
561,2012-07-14,3,1,7,0,Sunday,0,Few clouds,25.759984,0.666042,2389.59162415715,0.143679,6969
562,2012-07-15,3,1,7,0,Monday,0,Clear,27.799984,0.705196,2656.42127334003,0.166667,6031
563,2012-07-16,3,1,7,0,Tuesday,1,Clear,28.639984,0.724125,1730.76800625,0.164187,6830
564,2012-07-17,3,1,7,0,Wednesday,1,Clear,31.279984,0.755683,654.679339138141,0.114429,6786
565,2012-07-18,3,1,7,0,Thursday,1,Clear,30.079984,0.745583,1109.05510014563,0.137442,5713
566,2012-07-19,3,1,7,0,Friday,1,Clear,28.96,0.714642,1299.60663774298,0.165429,6591
567,2012-07-20,3,1,7,0,Saturday,1,Few clouds,23.959984,0.613025,5078.24305447869,0.208967,5870
568,2012-07-21,3,1,7,0,Sunday,0,Partialy cloudy,20.599984,0.549912,5609.20985519003,0.2133,4459
569,2012-07-22,3,1,7,0,Monday,0,Few clouds,24.04,0.623125,3380.33227539063,0.0939208,7410
570,2012-07-23,3,1,7,0,Tuesday,1,Clear,27.600016,0.690017,2321.9659969952,0.138683,6966
571,2012-07-24,3,1,7,0,Wednesday,1,Clear,28.039984,0.70645,1840.62450625,0.211454,7592
572,2012-07-25,3,1,7,0,Thursday,1,Clear,26.760016,0.654054,410.0625,0.1648,8173
573,2012-07-26,3,1,7,0,Friday,1,Clear,29.280016,0.739263,1267.44194461423,0.284813,6861
574,2012-07-27,3,1,7,0,Saturday,1,,29.520016,0.734217,1249.82714167272,0.152992,6904
575,2012-07-28,3,1,7,0,Sunday,0,,28.279984,0.697604,1415.09412864251,0.15735,6685
576,2012-07-29,3,1,7,0,Monday,0,Clear,26.640016,0.667933,1513.70844729004,0.170396,6597
577,2012-07-30,3,1,7,0,Tuesday,1,Clear,27.079984,0.684987,2000.11598205566,0.153617,7105
578,2012-07-31,3,1,7,0,Wednesday,1,Clear,26.239984,0.662896,2458.68376730076,0.165425,7216
579,2012-08-01,3,1,8,0,Thursday,1,Clear,26.44,0.667308,2106.86737539063,0.141179,7580
580,2012-08-02,3,1,8,0,Friday,1,Clear,28.12,0.707088,1892.6827095689,0.129354,7261
581,2012-08-03,3,1,8,0,Saturday,1,Few clouds,28.759984,0.722867,1704.09000039063,0.215792,7175
582,2012-08-04,3,1,8,0,Sunday,0,Clear,30.079984,0.751267,1415.09412864251,0.257458,6824
583,2012-08-05,3,1,8,0,Monday,0,Clear,28.920016,0.731079,1812.68384414062,0.290421,5464
584,2012-08-06,3,1,8,0,Tuesday,1,Few clouds,28.12,0.710246,1831.27905383966,0.129354,7013
585,2012-08-07,3,1,8,0,Wednesday,1,Few clouds,27.319984,0.697621,2452.86491604004,0.116908,7273
586,2012-08-08,3,1,8,0,Thursday,1,,28,0.707717,2050.43497116784,0.1107,7534
587,2012-08-09,3,1,8,0,Friday,1,Clear,28.279984,0.699508,1481.61292341449,0.1561,7286
588,2012-08-10,3,1,8,0,Saturday,1,Few clouds,26.359984,0.667942,2625.71062894513,0.238813,5786
589,2012-08-11,3,1,8,0,Sunday,0,Few clouds,25.24,0.638267,2885.48739225743,0.206479,6299
590,2012-08-12,3,1,8,0,Monday,0,Clear,25.639984,0.644579,791.534300622757,0.122512,6544
591,2012-08-13,3,1,8,0,Tuesday,1,Clear,26.599984,0.662254,884.941742258872,0.136212,6883
592,2012-08-14,3,1,8,0,Wednesday,1,Clear,26.880016,0.676779,2223.23159596166,0.169158,6784
593,2012-08-15,3,1,8,0,Thursday,1,Clear,25.920016,0.654037,1473.66229773791,0.169771,7347
594,2012-08-16,3,1,8,0,Friday,1,Clear,26.520016,0.654688,726.487787077353,0.141796,7605
595,2012-08-17,3,1,8,0,Saturday,1,Clear,26.719984,0.2424,1061.7842706156,0.231354,7148
596,2012-08-18,3,1,8,0,Sunday,0,Clear,24.559984,0.618071,1325.03796185872,0.177867,7865
597,2012-08-19,3,1,8,0,Monday,0,Few clouds,22.519984,0.603554,2565.1177873943,0.08645,4549
598,2012-08-20,3,1,8,0,Tuesday,1,Few clouds,22.519984,0.595967,2905.22276233744,0.129979,6530
599,2012-08-21,3,1,8,0,Wednesday,1,Clear,23.160016,0.601025,2060.60672463379,0.0727708,7006
600,2012-08-22,3,1,8,0,Thursday,1,Clear,24.04,0.621854,2101.68507046475,0.0702833,7375
601,2012-08-23,3,1,8,0,Friday,1,Clear,25.399984,0.637008,1634.45232373478,0.0845958,7765
602,2012-08-24,3,1,8,0,Saturday,1,Few clouds,25.72,0.6471,1430.54150625,0.0721458,7582
603,2012-08-25,3,1,8,0,Sunday,0,Few clouds,23.760016,0.618696,2583.1872209609,0.244408,6053
604,2012-08-26,3,1,8,0,Monday,0,Few clouds,23.359984,0.595996,5118.45041252213,0.228858,5255
605,2012-08-27,3,1,8,0,Tuesday,1,Clear,25.759984,0.654688,2846.31846560453,0.128733,6917
606,2012-08-28,3,1,8,0,Wednesday,1,Clear,26.959984,0.66605,1477.6336,0.190925,7040
607,2012-08-29,3,1,8,0,Thursday,1,Clear,24.88,0.635733,929.003814857537,0.112562,7697
608,2012-08-30,3,1,8,0,Friday,1,Clear,25.920016,0.652779,1215.16545527723,0.0771167,7713
609,2012-08-31,3,1,8,0,Saturday,1,Clear,28.680016,0.6894,1191.32836914063,0.168533,7350
610,2012-09-01,3,1,9,0,Sunday,0,Few clouds,28.159984,0.702654,1660.31001354364,0.113187,6140
611,2012-09-02,3,1,9,0,Monday,0,Few clouds,25.440016,0.649,4411.94850625,0.0640708,5810
612,2012-09-03,3,1,9,1,Tuesday,0,Clear,25.96,0.661629,3911.46216111741,0.151121,6034
613,2012-09-04,3,1,9,0,Wednesday,1,Clear,26.839984,0.686888,3249.28500625,0.236321,6864
614,2012-09-05,3,1,9,0,Thursday,1,Clear,27.360016,0.708983,3018.97019533691,0.187808,7112
615,2012-09-06,3,1,9,0,Friday,1,Few clouds,25.440016,0.655329,4313.54338354405,0.142421,6203
616,2012-09-07,3,1,9,0,Saturday,1,Clear,25.759984,0.657204,2938.33447854004,0.171646,7504
617,2012-09-08,3,1,9,0,Sunday,0,Few clouds,23.640016,0.611121,4078.96678684611,0.281104,5976
618,2012-09-09,3,1,9,0,Monday,0,Clear,21.28,0.578925,898.538094140625,0.224496,8227
619,2012-09-10,3,1,9,0,Tuesday,1,Clear,19.999984,0.565654,643.961994165039,0.258713,7525
620,2012-09-11,3,1,9,0,Wednesday,1,Clear,19.72,0.554292,731.1616,0.0920542,7767
621,2012-09-12,3,1,9,0,Thursday,1,Clear,20.760016,0.570075,1109.05510014563,0.131846,7870
622,2012-09-13,3,1,9,0,Friday,1,Clear,21.4,0.579558,1647.34311785709,0.0827208,7804
623,2012-09-14,3,1,9,0,Saturday,1,Clear,22.399984,0.594083,2045.35715664062,0.103863,8009
624,2012-09-15,3,1,9,0,Sunday,0,,21.199984,0.585867,633.376776060381,0.247521,8714
625,2012-09-16,3,1,9,0,Monday,0,,19.84,0.563125,1055.6001,0.0901833,7333
626,2012-09-17,3,1,9,0,Tuesday,1,,19.879984,0.55305,2911.81309001456,0.151742,6869
627,2012-09-18,3,1,9,0,Wednesday,1,Few clouds,21.919984,0.565067,5795.11078164063,0.357587,4073
628,2012-09-19,3,1,9,0,Thursday,1,Clear,18.52,0.540404,829.506062115994,0.215175,7591
629,2012-09-20,3,1,9,0,Friday,1,Clear,18.240016,0.532192,1461.8058664494,0.118167,7720
630,2012-09-21,3,1,9,0,Saturday,1,Clear,20.760016,0.571971,2000.11598205566,0.154229,8167
631,2012-09-22,3,1,9,0,Sunday,0,Clear,23.2,0.610488,1748.73014389612,0.283583,8395
632,2012-09-23,4,1,9,0,Monday,0,Clear,17.400016,0.518933,475.966343274749,0.223258,7907
633,2012-09-24,4,1,9,0,Tuesday,1,Clear,16.680016,0.502513,590.330451579359,0.142404,7436
634,2012-09-25,4,1,9,0,Wednesday,1,Clear,18.4,0.544179,1055.6001,0.236321,7538
635,2012-09-26,4,1,9,0,Thursday,1,Clear,22.48,0.596613,1583.6442048833,0.2444,7733
636,2012-09-27,4,1,9,0,Friday,1,Few clouds,23.2,0.607975,2277.67785747105,0.134342,7393
637,2012-09-28,4,1,9,0,Saturday,1,Few clouds,21.720016,0.585863,2266.7121,0.164179,7415
638,2012-09-29,4,1,9,0,Sunday,0,Clear,18.04,0.530296,868.827907887227,0.227604,8555
639,2012-09-30,4,1,9,0,Monday,0,Clear,17.280016,0.517663,1157.88701389116,0.134958,6889
640,2012-10-01,4,1,10,0,Tuesday,1,Few clouds,16.999984,0.512,1775.92957006272,0.0908042,6778
641,2012-10-02,4,1,10,0,Wednesday,1,,20.359984,0.542333,5773.01144179007,0.104475,4639
642,2012-10-03,4,1,10,0,Thursday,1,Few clouds,23.56,0.599133,3969.49220275879,0.0665458,7572
643,2012-10-04,4,1,10,0,Friday,1,Few clouds,23.56,0.607975,2731.20155267583,0.117546,7328
644,2012-10-05,4,1,10,0,Saturday,1,Clear,21.52,0.580187,1550.43984414062,0.10635,8156
645,2012-10-06,4,1,10,0,Sunday,0,Clear,18.600016,0.538521,1945.84916907854,0.268025,7965
646,2012-10-07,4,1,10,0,Monday,0,Few clouds,11.959984,0.419813,2517.38651331353,0.141162,3510
647,2012-10-08,4,1,10,1,Tuesday,0,Few clouds,10.399984,0.387608,2535.20340190766,0.189679,5478
648,2012-10-09,4,1,10,0,Wednesday,1,Few clouds,13.440016,0.438112,3365.58496575961,0.1903,6392
649,2012-10-10,4,1,10,0,Thursday,1,Clear,16.680016,0.503142,1583.6442048833,0.187821,7691
650,2012-10-11,4,1,10,0,Friday,1,Clear,12.88,0.431167,460.864156485876,0.181596,7570
651,2012-10-12,4,1,10,0,Saturday,1,Clear,13,0.433071,845.071027321753,0.235092,7282
652,2012-10-13,4,1,10,0,Sunday,0,Clear,10.879984,0.391396,598.351987828704,0.146142,7109
653,2012-10-14,4,1,10,0,Monday,0,Clear,17.040016,0.508204,1682.09843727267,0.278612,6639
654,2012-10-15,4,1,10,0,Tuesday,1,Few clouds,18.960016,0.53915,2505.56559414063,0.296037,5875
655,2012-10-16,4,1,10,0,Wednesday,1,Clear,14.479984,0.460846,971.791709006708,0.182221,7534
656,2012-10-17,4,1,10,0,Thursday,1,Clear,13.879984,0.450108,2305.28628081103,0.101371,7461
657,2012-10-18,4,1,10,0,Friday,1,Few clouds,17.08,0.512625,2813.9731634478,0.236937,7509
658,2012-10-19,4,1,10,0,Saturday,1,Few clouds,19.039984,0.537896,4411.94850625,0.134954,5424
659,2012-10-20,4,1,10,0,Sunday,0,Clear,15.240016,0.472842,1077.37485815196,0.117537,8090
660,2012-10-21,4,1,10,0,Monday,0,Clear,14.280016,0.456429,676.5201,0.166054,6824
661,2012-10-22,4,1,10,0,Tuesday,1,Clear,15.4,0.482942,1043.30549688049,0.0814833,7058
662,2012-10-23,4,1,10,0,Wednesday,1,Clear,18.120016,0.530304,1695.26977456293,0.0945458,7466
663,2012-10-24,4,1,10,0,Thursday,1,Clear,20.2,0.558721,1638.74425197754,0.0727792,7693
664,2012-10-25,4,1,10,0,Friday,1,Few clouds,18.4,0.529688,4104.54683965828,0.124375,7359
665,2012-10-26,4,1,10,0,Saturday,1,Few clouds,18.199984,0.52275,4242.99772158648,0.132467,7444
666,2012-10-27,4,1,10,0,Sunday,0,Few clouds,17.44,0.515133,2687.3856,0.235692,7852
667,2012-10-28,4,1,10,0,Monday,0,Few clouds,14.92,0.467771,2327.53702818353,0.398008,4459
668,2012-10-29,4,1,10,0,Tuesday,1,Partialy cloudy,13.12,0.4394,5996.9536,0.3582,22
669,2012-10-30,4,1,10,0,Wednesday,1,Few clouds,7.272736,0.309909,4642.73194811735,0.213009,1096
670,2012-10-31,4,1,10,0,Thursday,1,Few clouds,9.16,0.3611,1975.31259259556,0.166667,5566
671,2012-11-01,4,1,11,0,Friday,1,Few clouds,9.559984,0.369942,1144.71586480466,0.157346,5986
672,2012-11-02,4,1,11,0,Saturday,1,Clear,9.04,0.356042,742.947640871836,0.266175,5847
673,2012-11-03,4,1,11,0,Sunday,0,Few clouds,8.479984,0.323846,582.385097680664,0.270529,5138
674,2012-11-04,4,1,11,0,Monday,0,Clear,7.639984,0.329538,806.563004092317,0.179108,5107
675,2012-11-05,4,1,11,0,Tuesday,1,Clear,7.320016,0.308075,596.34140068436,0.236325,5259
676,2012-11-06,4,1,11,0,Wednesday,1,Clear,5.479984,0.281567,1034.15708786039,0.173513,5686
677,2012-11-07,4,1,11,0,Thursday,1,Few clouds,6.199984,0.274621,898.538094140625,0.304108,5035
678,2012-11-08,4,1,11,0,Friday,1,Clear,8.904352,0.341891,123.671250674447,0.347835,5315
679,2012-11-09,4,1,11,0,Saturday,1,Clear,9.360016,0.355413,855.564453251765,0.214558,5992
680,2012-11-10,4,1,11,0,Sunday,0,Clear,10.680016,0.393937,1735.24819521638,0.0578458,6536
681,2012-11-11,4,1,11,0,Monday,0,Clear,12.199984,0.421713,1887.91235350827,0.1275,6852
682,2012-11-12,4,1,11,1,Tuesday,0,Clear,15.28,0.475383,3025.76937669348,0.173517,6269
683,2012-11-13,4,1,11,0,Wednesday,1,Few clouds,8.479984,0.323225,1931.24167758625,0.342046,4094
684,2012-11-14,4,1,11,0,Thursday,1,Clear,5.880016,0.281563,929.003814857537,0.199625,5495
685,2012-11-15,4,1,11,0,Friday,1,Few clouds,7.440016,0.324492,1481.61292341449,0.152987,5445
686,2012-11-16,4,1,11,0,Saturday,1,Clear,8.56,0.347204,757.280632291894,0.171025,5698
687,2012-11-17,4,1,11,0,Sunday,0,Clear,7.6,0.326383,884.941742258872,0.179729,5629
688,2012-11-18,4,1,11,0,Monday,0,Clear,8.44,0.337746,2305.28628081103,0.227612,4669
689,2012-11-19,4,1,11,0,Tuesday,1,Few clouds,10.279984,0.375621,1509.66462385296,0.235067,5499
690,2012-11-20,4,1,11,0,Wednesday,1,Few clouds,9.960016,0.380667,2201.72100625,0.082725,5634
691,2012-11-21,4,1,11,0,Thursday,1,Clear,8.959984,0.364892,1418.94649807129,0.103246,5146
692,2012-11-22,4,1,11,1,Friday,0,Clear,8.32,0.350371,1134.90757961815,0.0528708,2425
693,2012-11-23,4,1,11,0,Saturday,1,Clear,9.679984,0.378779,1046.37086486816,0.148021,3910
694,2012-11-24,4,1,11,0,Sunday,0,Clear,5.359984,0.248742,267.935661919206,0.376871,2277
695,2012-11-25,4,1,11,0,Monday,0,Clear,3.799984,0.257583,481.081926742758,0.1505,2424
696,2012-11-26,4,1,11,0,Tuesday,1,Clear,7.039984,0.339004,821.804708739794,0.04665,5087
697,2012-11-27,4,1,11,0,Wednesday,1,Few clouds,6.000016,0.281558,3829.69095519227,0.237562,3959
698,2012-11-28,4,1,11,0,Thursday,1,Clear,6.240016,0.289762,656.840835571289,0.210821,5260
699,2012-11-29,4,1,11,0,Friday,1,Clear,5.48176,0.298422,953.260346024509,0.115522,5323
700,2012-11-30,4,1,11,0,Saturday,1,Clear,6.319984,0.323867,1780.48616120115,0.0584708,5668
701,2012-12-01,4,1,12,0,Sunday,0,Few clouds,6.319984,0.316904,4234.25649999841,0.0597042,5191
702,2012-12-02,4,1,12,0,Monday,0,Few clouds,8.68,0.359208,4595.1753744623,0.124379,4649
703,2012-12-03,4,1,12,0,Tuesday,1,Clear,13.72,0.455796,3469.87265664063,0.0827208,6234
704,2012-12-04,4,1,12,0,Wednesday,1,Clear,14.839984,0.469054,2898.62782619629,0.174129,6606
705,2012-12-05,4,1,12,0,Thursday,1,Clear,13.039984,0.428012,553.30800625,0.324021,5729
706,2012-12-06,4,1,12,0,Friday,1,Clear,4.279984,0.258204,669.911894555664,0.174754,5375
707,2012-12-07,4,1,12,0,Saturday,1,Few clouds,7.399984,0.321958,3409.99008523412,0.1306,5008
708,2012-12-08,4,1,12,0,Sunday,0,,10.320016,0.389508,6895.25235549317,0.101379,5582
709,2012-12-09,4,1,12,0,Monday,0,Few clouds,10.440016,0.390146,6720.39156402652,0.157975,3228
710,2012-12-10,4,1,12,0,Tuesday,1,Few clouds,12.919984,0.435575,7320.94140625,0.190308,5170
711,2012-12-11,4,1,12,0,Wednesday,1,Few clouds,8.959984,0.338363,1267.44194461423,0.296037,5501
712,2012-12-12,4,1,12,0,Thursday,1,Few clouds,6.28,0.297338,839.854419939154,0.162937,5319
713,2012-12-13,4,1,12,0,Friday,1,Clear,6.199984,0.294188,557.119093715602,0.174129,5532
714,2012-12-14,4,1,12,0,Saturday,1,Clear,5.520016,0.294192,1708.51831250306,0.131229,5611
715,2012-12-15,4,1,12,0,Sunday,0,Clear,7.560016,0.338383,1789.64765497176,0.10635,5047
716,2012-12-16,4,1,12,0,Monday,0,Few clouds,9.4,0.369938,4949.14448439941,0.100742,3786
717,2012-12-17,4,1,12,0,Tuesday,1,Few clouds,10.879984,0.4015,6769.99130563924,0.0982583,4585
718,2012-12-18,4,1,12,0,Wednesday,1,Clear,11.719984,0.409708,1970.37499807129,0.221404,5557
719,2012-12-19,4,1,12,0,Thursday,1,Clear,7.96,0.342162,1529.95524921153,0.184092,5267
720,2012-12-20,4,1,12,0,Friday,1,,7.84,0.335217,1990.16914844871,0.132463,4128
721,2012-12-21,1,1,12,0,Saturday,1,,7.680016,0.301767,960.244671588733,0.374383,3623
722,2012-12-22,1,1,12,0,Sunday,0,,4.759984,0.236113,379.086984399414,0.407346,1749
723,2012-12-23,1,1,12,0,Monday,0,Clear,3.799984,0.259471,705.724110721645,0.133083,1787
724,2012-12-24,1,1,12,0,Tuesday,1,Few clouds,3.102592,0.2589,3920.78875811447,0.0772304,920
725,2012-12-25,1,1,12,1,Wednesday,0,Few clouds,5.982592,0.294465,2914.98550481391,0.168726,1013
726,2012-12-26,1,1,12,0,Thursday,1,Partialy cloudy,3.679984,0.220333,4595.1753744623,0.316546,441
727,2012-12-27,1,1,12,0,Friday,1,Few clouds,4.200016,0.226642,1817.32209139132,0.350133,2114
728,2012-12-28,1,1,12,0,Saturday,1,Few clouds,4.159984,0.255046,1211.7361,0.155471,3095
729,2012-12-29,1,1,12,0,Sunday,0,Few clouds,4.159984,0.2424,3213.57479534064,0.124383,1341
730,2012-12-30,1,1,12,0,Monday,0,,4.279984,0.2317,545.740006853409,0.350754,1796
731,2012-12-31,1,1,12,0,Tuesday,1,Few clouds,2.359984,0.223487,1112.26418789063,0.154846,2729
